SNP,beta.outcome,se.outcome,pval.outcome,effect_allele.outcome,other_allele.outcome,eaf.outcome,source
rs10424279,-0.1142,0.0914,0.2117,T,C,0.06837,FinnGen_R5_direct
rs10793749,0.0142,0.0497,0.775,C,T,0.6732,FinnGen_R5_direct
rs11498776,-0.0193,0.0573,0.7364,G,A,0.2081,FinnGen_R5_direct
rs115147125,0.2549,0.191,0.182,G,A,0.0154,FinnGen_R5_direct
rs116017571,0.1366,0.2245,0.5429,G,A,0.01034,FinnGen_R5_direct
rs12313479,-0.0058,0.0806,0.9426,C,A,0.09055,FinnGen_R5_direct
rs13087166,0.1213,0.0474,0.01051,G,A,0.4467,FinnGen_R5_direct
rs150303741,0.0047,0.1709,0.9779,C,T,0.01969,FinnGen_R5_direct
rs1784356,-0.0725,0.0503,0.1498,G,A,0.6936,FinnGen_R5_direct
rs186686021,0.1657,0.1402,0.2373,T,C,0.02792,FinnGen_R5_direct
rs2541143,0.0399,0.0748,0.5934,T,A,0.1083,FinnGen_R5_direct
rs2733046,0.0419,0.0483,0.3864,G,A,0.3723,FinnGen_R5_direct
rs2772,0.0159,0.0544,0.7695,G,T,0.2376,FinnGen_R5_direct
rs34482314,0.324,0.1163,0.005335,A,G,0.04191,FinnGen_R5_direct
rs371164,0.1482,0.0676,0.0282,G,A,0.1383,FinnGen_R5_direct
rs3925055,-0.0348,0.0541,0.5197,C,T,0.2566,FinnGen_R5_direct
rs4628815,0.0346,0.1049,0.7416,C,T,0.0523,FinnGen_R5_direct
rs66815418,-0.1221,0.0754,0.1054,T,C,0.1078,FinnGen_R5_direct
rs76087295,-0.0781,0.1455,0.5915,A,G,0.02528,FinnGen_R5_direct
rs2799831,-0.0297,0.0514,0.5634,A,C,0.7196,API_proxy
rs10847839,-0.0623,0.0494,0.2069,C,T,0.3385,API_proxy
rs112009656,0.1002,0.0712,0.1597,A,C,0.1186,API_proxy
