"SNP","effect_allele.exposure","other_allele.exposure","beta.exposure","se.exposure","pval.exposure"
"rs10424279","T","C",0.5033,0.1102,4.97096e-06
"rs10793749","C","T",-0.2394,0.0534,7.47601e-06
"rs10847839","C","T",-0.2152,0.0484,8.88403e-06
"rs112009656","A","C",0.4694,0.1058,9.19009e-06
"rs11498776","G","A",0.3013,0.0664,5.71505e-06
"rs115147125","G","A",1.3156,0.2827,3.25402e-06
"rs116017571","G","A",1.0367,0.2148,1.39801e-06
"rs12313479","C","A",0.2806,0.0619,5.81902e-06
"rs13087166","G","A",-0.2178,0.0492,9.56093e-06
"rs150303741","C","T",3.0202,0.6177,1.009e-06
"rs1784356","G","A",-0.2466,0.0497,7.06204e-07
"rs186686021","T","C",1.7989,0.37,1.166e-06
"rs2541143","T","A",0.3352,0.0664,4.53398e-07
"rs2733046","G","A",0.2189,0.0489,7.45693e-06
"rs2772","G","T",0.3856,0.0847,5.26199e-06
"rs2799831","A","C",-0.3707,0.0781,2.068e-06
"rs34482314","A","G",0.8691,0.1966,9.83694e-06
"rs371164","G","A",-0.2389,0.0532,7.16605e-06
"rs3925055","C","T",0.2973,0.0638,3.14702e-06
"rs4628815","C","T",0.5233,0.099,1.25401e-07
"rs66815418","T","C",0.3921,0.0884,9.19708e-06
"rs76087295","A","G",0.3548,0.0707,5.11505e-07
