"exposure","outcome","id.exposure","id.outcome","samplesize","SNP","b","se","p"
"clinical PKD","renal cancer","PKD","RCC",NA,"rs10424279",0.0461651807986937,0.0404825800693603,0.254131558729971
"clinical PKD","renal cancer","PKD","RCC",NA,"rs10793749",0.0403476794074363,0.0416000047495096,0.332098319702724
"clinical PKD","renal cancer","PKD","RCC",NA,"rs10847839",0.0333548107072359,0.0408801946741782,0.414548099403666
"clinical PKD","renal cancer","PKD","RCC",NA,"rs112009656",0.0303341217562775,0.0412739023894482,0.462371905376878
"clinical PKD","renal cancer","PKD","RCC",NA,"rs11498776",0.040923031178436,0.0416474919268134,0.325801913671872
"clinical PKD","renal cancer","PKD","RCC",NA,"rs115147125",0.0305449904354355,0.0414815312630685,0.46151677312821
"clinical PKD","renal cancer","PKD","RCC",NA,"rs116017571",0.0361048592064864,0.0415826283365514,0.385247719295423
"clinical PKD","renal cancer","PKD","RCC",NA,"rs12313479",0.0387960202494855,0.0414865834021723,0.349712967098673
"clinical PKD","renal cancer","PKD","RCC",NA,"rs13087166",0.0505978547404725,0.0365913735995442,0.166732038573359
"clinical PKD","renal cancer","PKD","RCC",NA,"rs150303741",0.0540865986099641,0.04903251487852,0.2699940893826
"clinical PKD","renal cancer","PKD","RCC",NA,"rs1784356",0.0319534962003447,0.0407326974650306,0.432765573315151
"clinical PKD","renal cancer","PKD","RCC",NA,"rs186686021",0.0277664617670969,0.0446493694825838,0.534022074982786
"clinical PKD","renal cancer","PKD","RCC",NA,"rs2733046",0.0349607650062752,0.0413760162508316,0.39813740569151
"clinical PKD","renal cancer","PKD","RCC",NA,"rs2772",0.0379316471304655,0.0423160992784523,0.370045529537323
"clinical PKD","renal cancer","PKD","RCC",NA,"rs2799831",0.0358486789481804,0.0422931006653305,0.396646985266657
"clinical PKD","renal cancer","PKD","RCC",NA,"rs34482314",0.0188229915793062,0.0379737643678692,0.620117300026161
"clinical PKD","renal cancer","PKD","RCC",NA,"rs371164",0.046208813465741,0.0379376033462773,0.223215833336987
"clinical PKD","renal cancer","PKD","RCC",NA,"rs3925055",0.042799423663319,0.0414129993815019,0.301380262075572
"clinical PKD","renal cancer","PKD","RCC",NA,"rs4628815",0.0373966197961638,0.0417643587769288,0.370562899136279
"clinical PKD","renal cancer","PKD","RCC",NA,"rs66815418",0.0475564356179287,0.0396270705977292,0.23010062125953
"clinical PKD","renal cancer","PKD","RCC",NA,"rs76087295",0.0395989422793864,0.0411378553000072,0.335752657105246
"clinical PKD","renal cancer","PKD","RCC",NA,"All",0.0380934157932056,0.0402221991553277,0.343600860178168
