gene,n,stage_beta,stage_se,stage_t,stage_p,stage_q,grade_beta,grade_se,grade_t,grade_p,grade_q
PKD1,522,0.003187200985259246,0.030187088620879206,0.1055815956711634,0.9159551209753288,0.9159551209753288,0.004810961999545511,0.04694859870439864,0.10247296260824862,0.9184208522992595,0.9632218694845892
PKD2,522,-0.03492102628616656,0.02357197545439803,-1.4814637132863224,0.13908990024669252,0.31478240582146205,-0.09285288357819504,0.036660415655752496,-2.532783164547269,0.011609596999591234,0.036162504614699185
VHL,522,-0.003526507684669094,0.03122680684817863,-0.11293206192405757,0.9101280847086995,0.9159551209753288,-0.01548112361326314,0.04856562492485261,-0.3187671040415449,0.750031369013379,0.8269576632711614
MTOR,522,-0.04102761771279382,0.017454648537573527,-2.350526716391696,0.01912020894753554,0.08221689847440282,0.027148287906266888,0.027146416801190378,1.000068926410812,0.3177431850258519,0.4269674048784885
RPTOR,522,-0.03737725516296808,0.022070415121354228,-1.6935456337114259,0.09095168153731907,0.24636031809855657,0.159255776999829,0.03432510752478695,4.639629369983087,4.424648830461209e-06,6.3419966569944e-05
RICTOR,522,0.019112941106263076,0.022017708160974942,0.8680713254315728,0.38575649281654734,0.5915620238216458,-0.05726803427407243,0.03424313479920041,-1.6723946160270835,0.09504920963963855,0.21506041400016468
TSC1,522,-0.036299194384681294,0.02705679384325747,-1.341592599439753,0.18031483267923246,0.36921608596223787,-0.13691376711065334,0.042080194361510496,-3.253639133280342,0.0012135662214578563,0.007454763931812546
TSC2,522,-0.012217165850159835,0.02084550935256742,-0.5860814261492304,0.5580755838765943,0.6856357173341016,-0.002338014519862019,0.032420067588285785,-0.07211627531297328,0.9425371561701843,0.9649785170313792
CTNNB1,522,-0.06430523314380857,0.022698180493450706,-2.8330567360834533,0.004789852841388381,0.03432727869661673,-0.15746521070518818,0.035301442305037664,-4.460588588549461,1.0027409470223484e-05,8.623572144392197e-05
APC,522,-0.062354090252062414,0.025919867803241806,-2.4056484672450287,0.01649259178618603,0.07879793853399991,-0.09676650702012975,0.040311985274518326,-2.400440126209735,0.01672648158731818,0.044952419265917615
GSK3B,522,-0.0443385928535181,0.0196091726391256,-2.261114921547002,0.02416532396052072,0.08659241085853259,0.008728808938090915,0.030497249626213477,0.286216266878971,0.7748266949011523,0.8329386970187388
AXIN1,522,0.020731452734461267,0.022280948508871037,0.9304564716446947,0.35256737318696496,0.5830921941169036,0.09498981728304928,0.034652540476289524,2.7412078877173416,0.0063324879153987745,0.02475427094201339
HIF1A,522,-0.025268596328515296,0.03268708432011899,-0.7730452823827546,0.4398475046569256,0.5998258000379557,0.0010650493697071696,0.05083672770949753,0.020950391925170918,0.9832932803292234,0.9832932803292234
EPAS1,522,-0.12129904028304489,0.0402682762828868,-3.01227297217573,0.0027194688662640514,0.029234290312338554,-0.3103161872569208,0.06262740893851867,-4.954958100878134,9.807377535791434e-07,3.0390865489453318e-05
VEGFA,522,0.03099748271255917,0.05252256372074666,0.5901745938634565,0.5553304691310011,0.6856357173341016,-0.2323885751546571,0.08168594189457555,-2.844902926559621,0.004617956525559188,0.019857213059904507
VEGFB,522,0.04084756649602678,0.024465331034878298,1.6696102103745751,0.09559950331814553,0.24636031809855657,0.07778572051951298,0.03804981074366746,2.044312941358287,0.04142672889001218,0.09896385234836241
TNF,522,-0.050545553043981215,0.05987566520854025,-0.8441752232386347,0.3989604346704123,0.5915620238216458,0.1259265875605701,0.09312188443672466,1.3522770541240055,0.17687562542228405,0.262263858384766
IL6,522,0.16911872431545505,0.10184208681534648,1.6605975938227802,0.09739826529477817,0.24636031809855657,0.7729502384872193,0.1583903411541703,4.880033926657579,1.4135286274164335e-06,3.0390865489453318e-05
IL1B,522,0.08757804265271427,0.06078205376498391,1.4408536274759332,0.15022905288493552,0.32299246370261137,0.1318749932238827,0.0945315491162559,1.3950368364502463,0.16360142440875963,0.25338027047934725
CCL2,522,0.08014836452710483,0.06604299375680597,1.2135786094470504,0.2254606692703581,0.421513425157626,0.04131535898653801,0.10271364854247021,0.40223825725998685,0.6876742939971218,0.7781577537335851
CXCL8,522,0.08447640907318199,0.08328772174247195,1.0142720596246526,0.3109255529624434,0.5347919510954027,0.3893256012796149,0.12953358550736074,3.0055958055564784,0.0027788354409006236,0.014936240494840852
STING1,522,0.011942406062889807,0.03355106420891192,0.355947161274176,0.7220247725431407,0.8170280320882908,0.0309986989861479,0.052180436127259776,0.5940674568251405,0.5527258426404011,0.6423570603658716
TBK1,522,0.044374226095191885,0.01690412530582874,2.625053073872514,0.008919005810984988,0.04793965623404431,0.037553245318686986,0.026290213190128735,1.428411593588264,0.1537749287761523,0.25338027047934725
IRF3,522,0.07983967924352758,0.02750535564487554,2.902695761303575,0.003856991883565962,0.033170130198667276,0.10813345619105147,0.04277782202222247,2.5277924653311636,0.011773838711762527,0.036162504614699185
CGAS,522,0.060991617991267844,0.03870403062266393,1.5758466756574177,0.11567046821236497,0.2763238962850941,0.09466259349961062,0.06019460918431827,1.5726091552442847,0.11641873604422436,0.2275457113591658
H2AX,522,0.1365993920245379,0.03345203771595286,4.0834400936776225,5.138100208794126e-05,0.002209383089781474,0.23459007747938349,0.052026424750494446,4.509056284463483,8.056930206488795e-06,8.623572144392197e-05
BRCA1,522,0.01174306018476727,0.030878547545162803,0.3802983339029121,0.7038795607838373,0.8170280320882908,0.07912711974064171,0.048023993154140715,1.6476580672221595,0.10002809953496031,0.21506041400016468
TP53,522,0.024782598004290654,0.01955916538038601,1.2670580529546889,0.20570279754148818,0.40205546792199964,0.06587327084674968,0.03041947562315019,2.1654965937880277,0.030804491382737165,0.07791724290927636
ATM,522,0.024644405753470218,0.028329805569483724,0.8699108680088034,0.38475126063347637,0.5915620238216458,-0.07074537941399574,0.04406005129409499,-1.6056581264914953,0.10895729274940945,0.22310302801069554
MYC,522,0.025708269761640437,0.04383192849533579,0.5865192485057117,0.5577816390772181,0.6856357173341016,0.05753347723050578,0.06816979428562993,0.8439731677851599,0.39907323247626103,0.5047102646023301
CCND1,522,-0.16188026168612346,0.04283519219930864,-3.7791417144320927,0.00017562558077637765,0.0037759499866921193,-0.16562696831079557,0.06661961589764452,-2.486159160167894,0.013226496653757422,0.037915957074104605
EGFR,522,-0.01457665464672614,0.05108744054460089,-0.28532755783684793,0.7755070321072861,0.8336700595153326,-0.11332420735015339,0.07945396043606393,-1.4262877108730738,0.15438654197306606,0.25338027047934725
MET,522,0.0157289587279672,0.0342557427317524,0.459162682623363,0.6463095918727915,0.771980901403612,0.1572500038030094,0.053276390414204934,2.951588922981582,0.0033044308247089913,0.015787836162498514
CDKN1A,522,-0.06510586306402508,0.03436360440916357,-1.8946168244988766,0.05869876636757018,0.18028906812896556,-0.03898799891815128,0.053444142749382355,-0.7295092953586922,0.466019284243315,0.5725379777846442
CDKN2A,522,0.04240018322836797,0.05215684342510362,0.8129361449807434,0.41662742175903256,0.5971659711879467,0.33249698096290475,0.08111715384038992,4.098972476489277,4.815313321507932e-05,0.00034509745470806845
PTEN,522,-0.052827341136525874,0.019620927487293556,-2.692397755954028,0.00732324216543754,0.04498563044483061,-0.04516851882142136,0.03051553140410864,-1.4801812959855527,0.13943162756886732,0.25338027047934725
PBRM1,522,-0.05597035228260587,0.026178987818732923,-2.1379876361207177,0.03298417359040329,0.10910149726056471,-0.056611666363153984,0.04071498278700967,-1.3904381750399815,0.16499180403306332,0.25338027047934725
BAP1,522,-0.061492952371211565,0.019207633943949226,-3.201485021562639,0.0014509754172818818,0.02079731431437364,0.0281622524198639,0.029872754852938638,0.942740385294379,0.346252331670766,0.4511772806619072
SETD2,522,-0.04799224029608631,0.021012293358276174,-2.2840077224213826,0.02277409956283775,0.08659241085853259,-0.020394476104910183,0.03267945912659122,-0.6240763051159324,0.5328516826948905,0.6364617321077859
HAVCR1,522,-0.030610434560758376,0.10374859530236774,-0.2950443277959233,0.768078004654902,0.8336700595153326,-0.17038327088719715,0.1613554466337952,-1.05594991952079,0.2914823772651968,0.40431426523882136
LCN2,522,-0.021262323329324137,0.10671625988778137,-0.1992416465090021,0.8421517550418359,0.8832323284585109,0.19118178586617451,0.16597091967459296,1.1518992980276945,0.24989279017361837,0.3581796659155197
NPHS1,522,-0.06979103933632555,0.09158442291627485,-0.7620404989626621,0.44638199072592055,0.5998258000379557,0.3645620212454564,0.1424370654974705,2.5594603481348086,0.010765765834890886,0.036162504614699185
NPHS2,522,-0.1047190003483073,0.09727228106002185,-1.0765554092814011,0.28217909538710706,0.5055708792352335,0.2178074792500253,0.15128313120562978,1.4397340768546965,0.15054553266000664,0.25338027047934725
